{
  "xgb": 0.5934704660274925,
  "lgbm": 0.6603541774643434,
  "tabnet": 1.110233567506486
}